{
  "timestamp": "20260107_091324",
  "datetime": "2026-01-07T09:13:24.414149",
  "iterations": 3,
  "results": {
    "Phase 2 Processor": {
      "name": "Phase 2 Processor",
      "runs": 3,
      "execution_time": {
        "mean": 0.04666188902532061,
        "median": 0.04634500003885478,
        "min": 0.04628687503281981,
        "max": 0.04735379200428724,
        "stdev": 0.0005999099334973688
      },
      "memory_mb": {
        "mean": 0.09730275472005208,
        "median": 0.09712505340576172,
        "min": 0.09707927703857422,
        "max": 0.09770393371582031
      },
      "records_processed": null,
      "files_processed": null,
      "date_cache_hits": null,
      "throughput_records_per_sec": null,
      "errors": []
    },
    "Phase 3 Processor": {
      "name": "Phase 3 Processor",
      "runs": 3,
      "execution_time": {
        "mean": 0.05054781931297233,
        "median": 0.05075366597156972,
        "min": 0.04988429194781929,
        "max": 0.05100550001952797,
        "stdev": 0.0005882656884078456
      },
      "memory_mb": {
        "mean": 0.09699535369873047,
        "median": 0.09699535369873047,
        "min": 0.09695720672607422,
        "max": 0.09703350067138672
      },
      "records_processed": null,
      "files_processed": null,
      "date_cache_hits": null,
      "throughput_records_per_sec": null,
      "errors": []
    },
    "Phase 3 Final Lookup": {
      "name": "Phase 3 Final Lookup",
      "runs": 3,
      "execution_time": {
        "mean": 0.0527806943282485,
        "median": 0.05353045801166445,
        "min": 0.05121204094029963,
        "max": 0.05359958403278142,
        "stdev": 0.0013589332913507817
      },
      "memory_mb": {
        "mean": 0.09686056772867839,
        "median": 0.09685802459716797,
        "min": 0.09681987762451172,
        "max": 0.09690380096435547
      },
      "records_processed": null,
      "files_processed": null,
      "date_cache_hits": null,
      "throughput_records_per_sec": null,
      "errors": []
    },
    "XLSX Converter": {
      "name": "XLSX Converter",
      "runs": 3,
      "execution_time": {
        "mean": 0.549142555372479,
        "median": 0.4666976250009611,
        "min": 0.4565697080688551,
        "max": 0.724160333047621,
        "stdev": 0.15165441158141413
      },
      "memory_mb": {
        "mean": 0.09673595428466797,
        "median": 0.09673595428466797,
        "min": 0.09669017791748047,
        "max": 0.09678173065185547
      },
      "records_processed": null,
      "files_processed": null,
      "date_cache_hits": null,
      "throughput_records_per_sec": null,
      "errors": []
    }
  }
}